customer_id,age,education_level,annual_income,loan_amount,credit_score,repayment_history,transaction_count,spending_ratio,join_date,default_flag,join_year,join_month,join_day,join_weekday,education_level_encoded,region_East,region_North,region_South,region_West,loan_purpose_Business,loan_purpose_Car,loan_purpose_Education,loan_purpose_Home,loan_purpose_Other,gender_Female,gender_Male,gender_Other,employment_Salaried,employment_Self-Employed,employment_Unemployed,debt_to_income_ratio,avg_monthly_transactions,spending_to_income_ratio
C0001,33.0,Primary,760080.59,1197934.04,795.0,6.0,5.0,78.06,2018-09-05,0,2018,9,5,Wednesday,0.0,True,False,False,False,True,False,False,False,False,False,True,False,True,False,False,1.5760618752282571,0.4166666666666667,0.7806000000000001
C0002,23.0,Secondary,2381944.46,1510074.7,652.0,1.0,21.0,17.8,2018-11-30,1,2018,11,30,Friday,1.0,False,False,False,True,True,False,False,False,False,False,True,False,False,False,True,0.6339672168510596,1.75,0.17800000000000002
C0003,49.0,Primary,676736.64,1848359.77,706.0,3.0,249.0,60.92,2021-08-30,1,2021,8,30,Monday,0.0,False,False,True,False,False,False,False,False,True,True,False,False,False,True,False,2.731283723606276,20.75,0.6092
C0004,52.0,Graduate,394092.95,673158.33,480.0,7.0,135.0,50.76,2020-05-17,1,2020,5,17,Sunday,2.0,False,False,True,False,False,False,True,False,False,False,False,True,False,True,False,1.7081207111165018,11.25,0.5075999999999999
C0005,52.0,Secondary,2613771.5,304432.89,759.0,3.0,111.0,90.52,2018-10-15,1,2018,10,15,Monday,1.0,False,False,True,False,False,False,False,False,True,True,False,False,False,False,True,0.11647264881417523,9.25,0.9052
C0006,31.0,Primary,2812218.81,632506.54,419.0,9.0,94.0,41.87,2022-11-11,1,2022,11,11,Friday,0.0,False,False,True,False,False,False,False,True,False,True,False,False,False,True,False,0.2249137007941427,7.833333333333333,0.41869999999999996
C0007,32.0,Graduate,525589.14,1349694.81,387.0,3.0,30.0,54.47,2023-08-15,1,2023,8,15,Tuesday,2.0,True,False,False,False,False,False,True,False,False,False,False,True,False,True,False,2.567965559562361,2.5,0.5447
C0008,43.0,Primary,1102605.33,726213.66,490.0,12.0,149.0,28.75,2018-01-07,1,2018,1,7,Sunday,0.0,False,True,False,False,True,False,False,False,False,False,False,True,False,True,False,0.6586342730630551,12.416666666666666,0.2875
C0009,26.0,Post-Graduate,1899622.91,1338907.42,422.0,11.0,283.0,80.37,2022-06-13,1,2022,6,13,Monday,3.0,False,False,True,False,False,False,False,False,True,True,False,False,False,True,False,0.7048280018901225,23.583333333333332,0.8037000000000001
C0010,29.0,Graduate,2073866.44,1705655.06,820.0,2.0,223.0,90.52,2021-01-29,1,2021,1,29,Friday,2.0,False,True,False,False,False,False,True,False,False,True,False,False,False,False,True,0.8224517389846957,18.583333333333332,0.9052
C0011,57.0,Primary,2686155.51,928715.54,588.0,1.0,48.0,46.35,2023-01-03,1,2023,1,3,Tuesday,0.0,True,False,False,False,False,True,False,False,False,False,True,False,False,False,True,0.3457415389922827,4.0,0.4635
C0012,47.0,Graduate,523026.35,175667.06,770.0,0.0,38.0,48.21,2023-06-25,1,2023,6,25,Sunday,2.0,True,False,False,False,True,False,False,False,False,False,False,True,False,False,True,0.33586655815715594,3.1666666666666665,0.48210000000000003
C0013,44.0,Graduate,923205.44,703345.44,458.0,7.0,16.0,31.95,2022-01-30,1,2022,1,30,Sunday,2.0,False,False,True,False,False,False,False,False,True,False,True,False,True,False,False,0.7618514899565583,1.3333333333333333,0.3195
C0014,57.0,Secondary,1037246.69,175667.06,342.0,7.0,250.0,71.12,2024-03-19,1,2024,3,19,Tuesday,1.0,False,True,False,False,False,False,False,False,True,True,False,False,True,False,False,0.16935899790627434,20.833333333333332,0.7112
C0015,33.0,Secondary,2038366.7,1636917.71,507.0,12.0,158.0,45.7,2023-05-07,1,2023,5,7,Sunday,1.0,False,False,True,False,False,True,False,False,False,True,False,False,False,True,False,0.8030535967841311,13.166666666666666,0.457
C0016,43.0,Graduate,2714678.02,914478.44,691.0,11.0,100.0,68.65,2018-09-08,0,2018,9,8,Saturday,2.0,False,False,True,False,False,False,False,True,False,True,False,False,False,False,True,0.33686442121780613,8.333333333333334,0.6865000000000001
C0017,33.0,Post-Graduate,1265091.71,702279.72,388.0,12.0,58.0,19.54,2024-02-16,1,2024,2,16,Friday,3.0,True,False,False,False,False,False,False,False,True,False,True,False,False,True,False,0.555121588773987,4.833333333333333,0.1954
C0018,53.0,Primary,2184841.68,836530.63,816.0,6.0,19.0,31.66,2021-05-14,0,2021,5,14,Friday,0.0,False,False,False,True,True,False,False,False,False,False,False,True,False,False,True,0.3828792894503916,1.5833333333333333,0.3166
C0019,28.0,Post-Graduate,706018.79,913470.64,562.0,2.0,82.0,14.34,2021-06-19,1,2021,6,19,Saturday,3.0,True,False,False,False,False,False,True,False,False,False,False,True,True,False,False,1.2938333270138602,6.833333333333333,0.1434
C0020,36.0,Graduate,1618794.28,175667.06,398.0,0.0,29.0,85.74,2018-08-05,1,2018,8,5,Sunday,2.0,False,False,True,False,False,False,False,True,False,False,False,True,False,False,True,0.1085172230779071,2.4166666666666665,0.8573999999999999
C0021,42.0,Primary,1629560.02,1904931.22,574.0,9.0,98.0,17.65,2022-01-13,0,2022,1,13,Thursday,0.0,True,False,False,False,False,False,False,False,True,True,False,False,False,False,True,1.1689850000124573,8.166666666666666,0.1765
C0022,65.0,Graduate,2569144.21,1753932.48,500.0,8.0,21.0,87.57,2018-07-30,1,2018,7,30,Monday,2.0,True,False,False,False,False,False,True,False,False,True,False,False,False,False,True,0.6826913309004169,1.75,0.8756999999999999
C0023,60.0,Secondary,1070208.19,1836112.62,588.0,11.0,193.0,63.24,2021-08-17,0,2021,8,17,Tuesday,1.0,False,False,True,False,False,False,True,False,False,True,False,False,False,False,True,1.7156592868159608,16.083333333333332,0.6324000000000001
C0024,48.0,Secondary,955548.15,1231779.45,665.0,0.0,96.0,28.59,2020-07-25,1,2020,7,25,Saturday,1.0,False,False,True,False,False,False,False,False,True,True,False,False,False,False,True,1.289081507823546,8.0,0.2859
C0025,44.4,Graduate,2048228.83,940569.27,640.0,6.0,196.0,61.43,2019-10-22,0,2019,10,22,Tuesday,2.0,True,False,False,False,False,False,False,True,False,True,False,False,True,False,False,0.4592110296582438,16.333333333333332,0.6143
C0026,32.0,Primary,814838.15,1701149.09,673.0,2.0,99.0,50.92,2019-02-20,1,2019,2,20,Wednesday,0.0,False,False,False,True,True,False,False,False,False,False,True,False,False,False,True,2.087714093897052,8.25,0.5092
C0027,56.0,Post-Graduate,754670.65,1267074.53,343.0,0.0,187.0,81.37,2019-08-11,1,2019,8,11,Sunday,3.0,False,True,False,False,False,False,False,False,True,False,False,True,True,False,False,1.6789768225384145,15.583333333333334,0.8137000000000001
C0028,37.0,Post-Graduate,2315171.94,1344035.84,711.0,6.0,226.0,90.52,2023-01-03,0,2023,1,3,Tuesday,3.0,False,False,False,True,False,False,True,False,False,True,False,False,False,False,True,0.5805339192215677,18.833333333333332,0.9052
C0029,27.0,Primary,2413309.67,1198699.26,653.0,10.0,255.0,40.82,2024-07-21,0,2024,7,21,Sunday,0.0,True,False,False,False,False,False,False,True,False,True,False,False,False,True,False,0.4967034586986924,21.25,0.4082
C0030,41.0,Graduate,958734.18,524528.69,548.0,6.0,117.0,14.34,2020-11-12,1,2020,11,12,Thursday,2.0,False,False,True,False,False,True,False,False,False,False,True,False,True,False,False,0.5471054448064008,9.75,0.1434
C0031,23.0,Graduate,394092.95,1469384.99,502.0,10.0,21.0,84.07,2024-07-20,1,2024,7,20,Saturday,2.0,True,False,False,False,False,False,False,True,False,False,False,True,False,False,True,3.728523918024923,1.75,0.8406999999999999
C0032,53.0,Graduate,1972921.1,626292.48,342.0,6.0,30.0,26.53,2020-12-31,1,2020,12,31,Thursday,2.0,True,False,False,False,True,False,False,False,False,False,True,False,True,False,False,0.3174442606954733,2.5,0.26530000000000004
C0033,22.0,Post-Graduate,1669389.14,1697600.1,702.0,0.0,207.0,83.9,2020-11-18,1,2020,11,18,Wednesday,3.0,False,False,True,False,True,False,False,False,False,False,True,False,False,True,False,1.0168989717999484,17.25,0.8390000000000001
C0034,42.0,Graduate,2184856.97,545485.17,820.0,11.0,156.0,50.17,2018-09-23,0,2018,9,23,Sunday,2.0,False,False,False,True,False,False,False,True,False,False,True,False,True,False,False,0.2496663065317269,13.0,0.5017
C0035,52.0,Primary,2015447.7,813209.41,684.0,11.0,139.0,51.02,2024-10-14,0,2024,10,14,Monday,0.0,True,False,False,False,False,True,False,False,False,False,True,False,False,False,True,0.4034882224926998,11.583333333333334,0.5102
C0036,31.0,Secondary,2379199.5,175667.06,504.0,0.0,164.0,14.34,2024-03-04,1,2024,3,4,Monday,1.0,False,True,False,False,False,False,False,True,False,False,False,True,False,False,True,0.0738345229141146,13.666666666666666,0.1434
C0037,40.0,Post-Graduate,2812218.81,1363833.82,465.0,0.0,272.0,71.23,2022-05-31,1,2022,5,31,Tuesday,3.0,True,False,False,False,False,False,True,False,False,False,True,False,True,False,False,0.48496717792738187,22.666666666666668,0.7123
C0038,52.0,Graduate,2185824.88,1904931.22,552.0,11.0,39.0,40.38,2019-08-26,0,2019,8,26,Monday,2.0,False,False,True,False,False,False,True,False,False,False,False,True,False,True,False,0.8714930630673396,3.25,0.40380000000000005
C0039,34.0,Secondary,1257251.43,1283393.11,806.0,0.0,214.0,86.21,2024-05-11,1,2024,5,11,Saturday,1.0,False,False,False,True,False,False,False,True,False,True,False,False,False,False,True,1.020792722423072,17.833333333333332,0.8621
C0040,28.0,Secondary,1706494.0579999997,673034.6,442.0,6.0,240.0,71.26,2024-05-08,1,2024,5,8,Wednesday,1.0,True,False,False,False,True,False,False,False,False,False,False,True,True,False,False,0.3943960993270567,20.0,0.7126
C0041,39.0,Primary,2356331.03,798207.88,402.0,5.0,5.0,76.21,2018-12-07,1,2018,12,7,Friday,0.0,False,False,False,True,False,True,False,False,False,False,False,True,False,True,False,0.33875031557004964,0.4166666666666667,0.7620999999999999
C0042,57.0,Secondary,2473414.69,1341021.05,601.0,8.0,217.0,69.05,2022-09-08,0,2022,9,8,Thursday,1.0,False,False,False,True,False,False,False,True,False,True,False,False,False,True,False,0.5421739651752453,18.083333333333332,0.6905
C0043,58.0,Primary,2700159.52,175667.06,820.0,11.0,260.0,69.22,2021-02-14,0,2021,2,14,Sunday,0.0,False,False,False,True,True,False,False,False,False,False,False,True,False,True,False,0.06505803034925878,21.666666666666668,0.6922
C0044,21.0,Graduate,2442180.54,1904931.22,820.0,1.0,244.0,71.45,2023-04-28,1,2023,4,28,Friday,2.0,False,False,False,True,False,False,False,False,True,False,False,True,False,False,True,0.780012447400797,20.333333333333332,0.7145
C0045,52.0,Graduate,2372197.03,211081.82,467.0,7.0,283.0,15.19,2022-02-01,0,2022,2,1,Tuesday,2.0,False,False,False,True,False,False,False,True,False,False,True,False,True,False,False,0.08898157165300895,23.583333333333332,0.1519
C0046,51.0,Secondary,583392.64,235439.67,530.0,5.0,275.0,90.52,2024-05-04,1,2024,5,4,Saturday,1.0,False,True,False,False,False,True,False,False,False,False,False,True,False,True,False,0.40356983248880207,22.916666666666668,0.9052
C0047,61.0,Graduate,839862.79,793355.9,820.0,5.0,159.0,85.79,2021-06-22,1,2021,6,22,Tuesday,2.0,False,True,False,False,False,False,False,False,True,False,True,False,False,False,True,0.9446256096189236,13.25,0.8579000000000001
C0048,22.0,Post-Graduate,2416328.42,923564.98,675.0,9.0,197.0,59.66,2018-10-13,0,2018,10,13,Saturday,3.0,False,True,False,False,False,False,True,False,False,True,False,False,False,True,False,0.38221831616746865,16.416666666666668,0.5966
C0049,21.0,Post-Graduate,1083190.14,175667.06,342.0,0.0,245.0,61.21,2020-06-07,1,2020,6,7,Sunday,3.0,False,False,False,True,False,False,False,False,True,False,False,True,False,False,True,0.1621756453580717,20.416666666666668,0.6121
C0050,42.0,Post-Graduate,1803032.23,565219.03,440.0,9.0,50.0,20.26,2018-12-21,1,2018,12,21,Friday,3.0,False,False,False,True,False,True,False,False,False,False,True,False,False,True,False,0.313482488330228,4.166666666666667,0.2026
C0051,49.0,Graduate,2186511.16,291710.53,507.0,0.0,194.0,46.15,2022-08-19,1,2022,8,19,Friday,2.0,True,False,False,False,False,False,False,False,True,False,False,True,False,True,False,0.13341369362139455,16.166666666666668,0.46149999999999997
C0052,28.0,Secondary,1625934.53,355656.5,474.0,5.0,88.0,90.52,2023-12-01,1,2023,12,1,Friday,1.0,False,False,True,False,False,True,False,False,False,False,False,True,False,True,False,0.2187397422453412,7.333333333333333,0.9052
C0053,22.0,Graduate,1710829.74,1022666.44,402.0,3.0,65.0,72.18,2022-03-19,1,2022,3,19,Saturday,2.0,True,False,False,False,False,True,False,False,False,False,True,False,False,True,False,0.5977604995339864,5.416666666666667,0.7218000000000001
C0054,60.0,Primary,1218493.05,529284.94,715.0,2.0,76.0,28.83,2019-08-16,1,2019,8,16,Friday,0.0,False,False,False,True,False,False,True,False,False,False,False,True,True,False,False,0.434376658939499,6.333333333333333,0.2883
C0055,60.0,Primary,1625342.46,1658098.96,391.0,2.0,288.0,21.53,2020-07-25,1,2020,7,25,Saturday,0.0,False,True,False,False,False,True,False,False,False,False,False,True,False,True,False,1.0201535988913992,24.0,0.21530000000000002
C0056,32.0,Secondary,2186297.93,1904931.22,342.0,10.0,34.0,89.04,2018-05-05,1,2018,5,5,Saturday,1.0,False,False,False,True,False,False,False,False,True,False,True,False,False,True,False,0.8713044978275215,2.8333333333333335,0.8904000000000001
C0057,40.0,Post-Graduate,2688341.12,299581.78,415.0,7.0,216.0,14.34,2018-09-05,1,2018,9,5,Wednesday,3.0,False,False,False,True,False,False,False,True,False,False,True,False,False,True,False,0.1114374131211444,18.0,0.1434
C0058,64.0,Graduate,394092.95,261770.02,710.0,5.0,285.0,37.1,2018-07-06,1,2018,7,6,Friday,2.0,False,False,False,True,False,True,False,False,False,False,True,False,False,True,False,0.6642342117513139,23.75,0.371
C0059,50.0,Secondary,2812218.81,924390.71,591.0,1.0,94.0,90.23,2024-05-28,1,2024,5,28,Tuesday,1.0,True,False,False,False,False,False,False,True,False,True,False,False,False,True,False,0.328705115943663,7.833333333333333,0.9023
C0060,60.0,Graduate,1791018.32,798632.02,720.0,5.0,128.0,81.4,2022-02-15,1,2022,2,15,Tuesday,2.0,False,True,False,False,True,False,False,False,False,False,True,False,False,True,False,0.4459094645106701,10.666666666666666,0.8140000000000001
C0061,49.0,Secondary,2116450.49,532038.99,662.0,9.0,246.0,30.19,2024-05-05,0,2024,5,5,Sunday,1.0,False,True,False,False,False,False,True,False,False,False,True,False,False,True,False,0.2513826770405576,20.5,0.3019
C0062,26.0,Post-Graduate,2319276.35,1273382.5,762.0,3.0,135.0,33.73,2022-06-10,1,2022,6,10,Friday,3.0,False,True,False,False,False,False,True,False,False,False,False,True,True,False,False,0.5490430237000433,11.25,0.3373
C0063,33.0,Post-Graduate,402333.78,1684471.42,371.0,8.0,190.0,51.76,2023-07-23,1,2023,7,23,Sunday,3.0,False,True,False,False,False,False,False,False,True,False,True,False,False,False,True,4.18675115969631,15.833333333333334,0.5176
C0064,46.0,Graduate,873610.17,197149.69,342.0,12.0,290.0,17.98,2021-09-27,1,2021,9,27,Monday,2.0,False,True,False,False,False,False,False,True,False,False,True,False,False,True,False,0.22567238428554465,24.166666666666668,0.17980000000000002
C0065,52.0,Graduate,2812218.81,389049.49,506.0,12.0,297.0,65.02,2018-11-21,1,2018,11,21,Wednesday,2.0,False,False,False,True,False,False,False,False,True,False,True,False,False,False,True,0.13834253885813386,24.75,0.6502
C0066,29.0,Post-Graduate,1429603.46,551135.02,401.0,12.0,10.0,46.68,2021-10-19,1,2021,10,19,Tuesday,3.0,False,False,True,False,True,False,False,False,False,False,False,True,False,False,True,0.385516008753924,0.8333333333333334,0.4668
C0067,49.0,Post-Graduate,2465061.16,1641801.36,467.0,2.0,149.0,65.22,2024-09-30,1,2024,9,30,Monday,3.0,False,False,False,True,False,False,True,False,False,False,False,True,False,True,False,0.6660286513945967,12.416666666666666,0.6522
C0068,24.0,Secondary,1457311.12,1090591.28,533.0,10.0,251.0,41.72,2021-05-13,1,2021,5,13,Thursday,1.0,True,False,False,False,False,False,True,False,False,False,True,False,True,False,False,0.7483585797382785,20.916666666666668,0.4172
C0069,46.0,Graduate,2577521.2,1532227.22,347.0,7.0,68.0,15.26,2024-04-30,1,2024,4,30,Tuesday,2.0,False,False,False,True,False,False,True,False,False,True,False,False,True,False,False,0.5944576595529069,5.666666666666667,0.15259999999999999
C0070,52.0,Post-Graduate,709716.34,1904931.22,784.0,12.0,73.0,14.34,2022-06-09,0,2022,6,9,Thursday,3.0,False,True,False,False,False,False,True,False,False,True,False,False,False,False,True,2.6840740626036594,6.083333333333333,0.1434
C0071,33.0,Primary,1578446.14,1244541.37,820.0,0.0,102.0,32.82,2021-08-12,1,2021,8,12,Thursday,0.0,False,True,False,False,True,False,False,False,False,False,False,True,False,False,True,0.7884598267002003,8.5,0.3282
C0072,43.0,Post-Graduate,2542335.5,466105.66,342.0,8.0,271.0,78.48,2019-01-25,1,2019,1,25,Friday,3.0,False,False,False,True,False,True,False,False,False,True,False,False,False,False,True,0.18333758860701113,22.583333333333332,0.7848
C0073,32.0,Post-Graduate,1560333.11,534779.62,472.0,7.0,253.0,87.68,2018-04-23,1,2018,4,23,Monday,3.0,True,False,False,False,False,True,False,False,False,True,False,False,True,False,False,0.34273426396751905,21.083333333333332,0.8768
C0074,21.0,Post-Graduate,2812218.81,175667.06,521.0,5.0,245.0,75.03,2022-11-21,1,2022,11,21,Monday,3.0,True,False,False,False,False,False,False,False,True,False,True,False,False,False,True,0.06246564434294499,20.416666666666668,0.7503
C0075,42.2,Secondary,2810618.64,642734.5,538.0,0.0,12.0,72.4,2021-06-06,1,2021,6,6,Sunday,1.0,False,True,False,False,False,True,False,False,False,False,False,True,False,True,False,0.22868079320786117,1.0,0.7240000000000001
C0076,27.0,Graduate,394092.95,344510.63,730.0,11.0,250.0,89.11,2019-07-22,0,2019,7,22,Monday,2.0,False,False,False,True,True,False,False,False,False,True,False,False,False,True,False,0.8741862294161822,20.833333333333332,0.8911
C0077,23.0,Secondary,2349517.57,1722934.54,820.0,9.0,198.0,85.41,2022-07-22,0,2022,7,22,Friday,1.0,False,False,True,False,False,False,False,True,False,False,True,False,True,False,False,0.7333141756415978,16.5,0.8541
C0078,64.0,Graduate,427841.93,1171092.87,689.0,10.0,203.0,42.84,2019-11-17,0,2019,11,17,Sunday,2.0,True,False,False,False,False,True,False,False,False,False,True,False,True,False,False,2.7372092071480703,16.916666666666668,0.42840000000000006
C0079,56.0,Primary,428081.33,1080287.97,820.0,0.0,217.0,16.1,2018-03-16,1,2018,3,16,Friday,0.0,False,False,False,True,False,False,False,True,False,True,False,False,False,True,False,2.5235577781446343,18.083333333333332,0.161
C0080,46.0,Post-Graduate,1464327.07,420904.61,613.0,5.0,114.0,25.05,2018-01-09,1,2018,1,9,Tuesday,3.0,False,False,True,False,False,True,False,False,False,False,False,True,False,False,True,0.28743893261496556,9.5,0.2505
C0081,64.0,Primary,2812218.81,1671117.44,434.0,12.0,213.0,87.21,2022-06-18,1,2022,6,18,Saturday,0.0,False,False,True,False,False,False,False,False,True,False,True,False,False,False,True,0.5942345005508302,17.75,0.8721
C0082,53.0,Post-Graduate,2806718.58,1207356.46,540.0,2.0,153.0,25.27,2023-05-13,1,2023,5,13,Saturday,3.0,True,False,False,False,True,False,False,False,False,False,True,False,True,False,False,0.4301665541402444,12.75,0.2527
C0083,23.0,Graduate,1760611.86,1904931.22,680.0,2.0,121.0,88.32,2024-05-31,1,2024,5,31,Friday,2.0,False,True,False,False,False,True,False,False,False,True,False,False,True,False,False,1.0819711392833624,10.083333333333334,0.8832
C0084,31.0,Graduate,1642118.53,1640534.92,431.0,11.0,100.0,40.99,2022-01-23,1,2022,1,23,Sunday,2.0,False,False,True,False,True,False,False,False,False,True,False,False,True,False,False,0.9990356299066913,8.333333333333334,0.40990000000000004
C0085,58.0,Graduate,2401771.36,969887.4,386.0,0.0,165.0,28.72,2018-04-24,1,2018,4,24,Tuesday,2.0,False,False,False,True,False,True,False,False,False,False,True,False,False,False,True,0.40382170266198864,13.75,0.2872
C0086,24.0,Primary,2812218.81,751199.54,820.0,8.0,45.0,81.9,2019-07-07,0,2019,7,7,Sunday,0.0,False,False,False,True,False,False,False,False,True,False,True,False,False,True,False,0.26711987606682713,3.75,0.8190000000000001
C0087,62.0,Graduate,2731767.38,1787346.74,690.0,0.0,222.0,35.65,2024-01-01,1,2024,1,1,Monday,2.0,False,False,False,True,True,False,False,False,False,False,True,False,False,False,True,0.6542821885515011,18.5,0.3565
C0088,30.0,Post-Graduate,1385678.07,1473275.47,724.0,8.0,196.0,60.59,2019-02-17,0,2019,2,17,Sunday,3.0,False,False,True,False,True,False,False,False,False,False,False,True,True,False,False,1.0632162707171948,16.333333333333332,0.6059
C0089,52.0,Graduate,2810679.92,239664.58,797.0,10.0,87.0,15.49,2022-10-31,0,2022,10,31,Monday,2.0,False,True,False,False,True,False,False,False,False,False,False,True,True,False,False,0.08526925399602242,7.25,0.1549
C0090,41.0,Post-Graduate,2005800.07,1451557.25,569.2,12.0,103.0,45.07,2021-03-15,1,2021,3,15,Monday,3.0,True,False,False,False,False,False,False,True,False,False,True,False,True,False,False,0.7236799278803495,8.583333333333334,0.4507
C0091,47.0,Secondary,1371454.84,354114.28,820.0,9.0,165.0,73.25,2023-12-02,0,2023,12,2,Saturday,1.0,False,True,False,False,True,False,False,False,False,True,False,False,True,False,False,0.2582033834960253,13.75,0.7325
C0092,56.0,Graduate,2738072.41,1723568.04,820.0,12.0,82.0,30.71,2018-07-20,0,2018,7,20,Friday,2.0,False,True,False,False,False,False,False,False,True,False,False,True,True,False,False,0.6294822714348888,6.833333333333333,0.3071
C0093,61.0,Graduate,1741245.03,1317968.94,464.0,3.0,297.0,25.5,2024-10-29,1,2024,10,29,Tuesday,2.0,True,False,False,False,False,True,False,False,False,False,True,False,False,True,False,0.7569118172874267,24.75,0.255
C0094,42.0,Post-Graduate,1192967.09,1701336.48,724.0,6.0,84.0,55.85,2019-03-10,0,2019,3,10,Sunday,3.0,False,False,False,True,False,False,False,False,True,False,False,True,False,True,False,1.4261386540009247,7.0,0.5585
C0095,63.0,Post-Graduate,567666.31,1873077.01,708.0,4.0,84.0,14.34,2022-06-11,1,2022,6,11,Saturday,3.0,False,False,False,True,False,False,True,False,False,False,True,False,True,False,False,3.2996092545988853,7.0,0.1434
C0096,37.0,Secondary,1846307.62,1343711.45,385.0,12.0,202.0,90.52,2020-11-19,1,2020,11,19,Thursday,1.0,True,False,False,False,True,False,False,False,False,False,False,True,True,False,False,0.7277830819980041,16.833333333333332,0.9052
C0097,59.0,Graduate,2812218.81,531734.61,820.0,5.0,191.0,26.96,2021-06-03,1,2021,6,3,Thursday,2.0,True,False,False,False,False,False,False,False,True,True,False,False,False,False,True,0.18908009864282216,15.916666666666666,0.2696
C0098,56.0,Secondary,676072.2,1129300.86,711.0,0.0,266.0,42.79,2019-11-01,1,2019,11,1,Friday,1.0,False,True,False,False,False,True,False,False,False,False,True,False,True,False,False,1.6703849973420002,22.166666666666668,0.4279
C0099,46.0,Primary,2271622.5,246695.74,373.0,11.0,21.0,40.65,2023-09-13,1,2023,9,13,Wednesday,0.0,False,False,True,False,True,False,False,False,False,True,False,False,False,False,True,0.10859891553284051,1.75,0.4065
C0100,40.0,Secondary,1439572.15,1773042.95,732.0,9.0,192.0,90.52,2023-10-18,0,2023,10,18,Wednesday,1.0,False,True,False,False,True,False,False,False,False,True,False,False,False,False,True,1.2316457705853785,16.0,0.9052
C0101,22.0,Post-Graduate,1343171.25,1706103.99,782.0,9.0,128.0,87.42,2023-04-13,0,2023,4,13,Thursday,3.0,False,False,True,False,False,False,True,False,False,True,False,False,False,True,False,1.2702058579648723,10.666666666666666,0.8742
C0102,50.0,Post-Graduate,1483967.16,1163079.0,492.0,1.0,19.0,68.52,2024-10-06,1,2024,10,6,Sunday,3.0,True,False,False,False,False,False,False,False,True,False,False,True,False,False,True,0.783763301069277,1.5833333333333333,0.6851999999999999
C0103,56.0,Primary,548592.75,312155.95,732.0,4.0,262.0,15.04,2020-01-06,1,2020,1,6,Monday,0.0,False,True,False,False,False,False,False,False,True,False,True,False,False,True,False,0.5690121679515452,21.833333333333332,0.15039999999999998
C0104,28.0,Post-Graduate,916422.15,1687049.97,753.0,7.0,170.0,73.2,2022-10-21,0,2022,10,21,Friday,3.0,False,False,True,False,False,False,False,True,False,True,False,False,False,False,True,1.8409092032531076,14.166666666666666,0.732
C0105,50.0,Primary,2555721.4,257880.14,485.0,6.0,218.0,75.25,2018-07-18,1,2018,7,18,Wednesday,0.0,False,False,False,True,False,True,False,False,False,False,False,True,False,False,True,0.1009030718293473,18.166666666666668,0.7525
C0106,63.0,Graduate,566792.87,917339.06,584.0,2.0,258.0,81.31,2023-01-23,1,2023,1,23,Monday,2.0,True,False,False,False,False,False,True,False,False,True,False,False,False,True,False,1.618473182275564,21.5,0.8131
C0107,25.0,Post-Graduate,1283851.71,925883.28,534.0,12.0,260.0,89.96,2024-07-03,1,2024,7,3,Wednesday,3.0,True,False,False,False,False,False,False,True,False,True,False,False,False,True,False,0.7211761863058157,21.666666666666668,0.8996
C0108,54.0,Secondary,1555631.86,967998.67,729.0,0.0,173.0,73.67,2019-09-28,1,2019,9,28,Saturday,1.0,False,True,False,False,False,True,False,False,False,True,False,False,True,False,False,0.6222543359326672,14.416666666666666,0.7367
C0109,59.0,Post-Graduate,2034194.54,1904931.22,383.0,3.0,43.0,14.34,2020-03-26,1,2020,3,26,Thursday,3.0,False,True,False,False,False,False,True,False,False,False,False,True,False,False,True,0.9364547896190892,3.5833333333333335,0.1434
C0110,60.0,Post-Graduate,486022.19,183395.21,346.0,11.0,148.0,58.32,2023-10-31,1,2023,10,31,Tuesday,3.0,False,False,False,True,False,False,False,False,True,True,False,False,False,False,True,0.3773391704605092,12.333333333333334,0.5832
C0111,27.0,Secondary,1055206.62,1181018.15,752.0,1.0,64.0,85.44,2019-09-14,1,2019,9,14,Saturday,1.0,False,False,True,False,False,True,False,False,False,False,True,False,True,False,False,1.1192292842135503,5.333333333333333,0.8543999999999999
C0112,45.0,Primary,1234573.42,757298.3,674.0,3.0,159.0,90.52,2020-11-23,1,2020,11,23,Monday,0.0,False,False,False,True,True,False,False,False,False,False,True,False,False,False,True,0.6134088809396205,13.25,0.9052
C0113,37.0,Graduate,1179480.07,1237579.71,656.0,11.0,47.0,90.52,2024-09-02,0,2024,9,2,Monday,2.0,True,False,False,False,False,False,False,True,False,True,False,False,False,False,True,1.0492586873468748,3.9166666666666665,0.9052
C0114,45.0,Primary,1751497.99,1448830.97,709.0,12.0,264.0,66.74,2024-04-30,0,2024,4,30,Tuesday,0.0,False,False,False,True,False,False,False,True,False,False,False,True,False,False,True,0.8271953369469753,22.0,0.6674
C0115,55.0,Primary,612748.52,175667.06,817.0,11.0,104.0,48.03,2023-07-08,0,2023,7,8,Saturday,0.0,True,False,False,False,True,False,False,False,False,True,False,False,True,False,False,0.28668704087608404,8.666666666666666,0.4803
C0116,46.0,Secondary,1474693.81,237486.92,770.0,8.0,192.0,64.89,2020-08-03,0,2020,8,3,Monday,1.0,False,False,False,True,False,False,True,False,False,False,True,False,True,False,False,0.16104151139008308,16.0,0.6489
C0117,61.0,Graduate,752981.57,1773526.23,515.0,8.0,99.0,22.45,2023-04-25,1,2023,4,25,Tuesday,2.0,False,True,False,False,False,False,False,True,False,False,False,True,False,False,True,2.3553381658464763,8.25,0.2245
C0118,23.0,Graduate,1862146.69,249258.54,667.0,5.0,128.0,25.39,2024-08-09,1,2024,8,9,Friday,2.0,True,False,False,False,False,True,False,False,False,False,False,True,True,False,False,0.13385548052608037,10.666666666666666,0.2539
C0119,44.0,Secondary,432862.12,611824.53,548.0,12.0,108.0,48.42,2019-02-12,1,2019,2,12,Tuesday,1.0,False,False,True,False,False,False,True,False,False,False,True,False,False,True,False,1.4134397576761857,9.0,0.4842
C0120,48.0,Primary,1660274.208,1635178.66,511.0,3.0,111.0,61.74,2019-11-25,1,2019,11,25,Monday,0.0,True,False,False,False,False,True,False,False,False,False,True,False,False,False,True,0.9848846968295492,9.25,0.6174000000000001
C0121,65.0,Primary,2689962.97,1251146.49,592.0,12.0,124.0,41.69,2018-07-03,0,2018,7,3,Tuesday,0.0,True,False,False,False,False,False,False,True,False,False,True,False,False,False,True,0.46511662203290477,10.333333333333334,0.4169
C0122,34.0,Post-Graduate,1677267.37,889270.73,661.0,7.0,125.0,90.52,2020-10-18,0,2020,10,18,Sunday,3.0,False,True,False,False,False,False,False,True,False,True,False,False,False,True,False,0.53019020455874,10.416666666666666,0.9052
C0123,62.0,Graduate,2812218.81,1878331.29,575.0,4.0,104.0,63.05,2022-10-19,1,2022,10,19,Wednesday,2.0,False,False,False,True,False,False,True,False,False,False,False,True,True,False,False,0.6679179028747055,8.666666666666666,0.6305
C0124,50.0,Secondary,720150.23,1381995.66,464.0,6.0,156.0,14.34,2024-03-05,1,2024,3,5,Tuesday,1.0,False,False,True,False,False,False,False,False,True,True,False,False,False,True,False,1.9190380040564592,13.0,0.1434
C0125,46.4,Graduate,1461377.99,1785058.59,660.0,2.0,81.0,82.94,2024-08-22,1,2024,8,22,Thursday,2.0,True,False,False,False,True,False,False,False,False,False,True,False,False,True,False,1.221489992469368,6.75,0.8294
C0126,29.0,Graduate,534140.26,1279418.0,704.0,2.0,221.0,38.88,2022-10-01,1,2022,10,1,Saturday,2.0,False,False,False,True,False,True,False,False,False,True,False,False,False,False,True,2.395284714168522,18.416666666666668,0.38880000000000003
C0127,65.0,Post-Graduate,394092.95,1221244.53,577.0,9.0,87.0,22.23,2022-10-28,0,2022,10,28,Friday,3.0,True,False,False,False,False,False,True,False,False,True,False,False,False,False,True,3.0988743391628804,7.25,0.2223
C0128,64.0,Primary,2505591.88,1701343.86,619.0,9.0,217.0,90.52,2018-09-12,0,2018,9,12,Wednesday,0.0,False,True,False,False,False,False,False,False,True,True,False,False,True,False,False,0.6790187474585846,18.083333333333332,0.9052
C0129,41.0,Post-Graduate,394092.95,1904931.22,472.0,2.0,160.0,22.55,2019-02-07,1,2019,2,7,Thursday,3.0,False,True,False,False,False,False,True,False,False,False,True,False,False,False,True,4.833710473633187,13.333333333333334,0.2255
C0130,35.0,Secondary,2030352.55,886412.17,640.0,1.0,14.0,36.47,2023-06-26,1,2023,6,26,Monday,1.0,True,False,False,False,True,False,False,False,False,False,False,True,False,False,True,0.43658042047919216,1.1666666666666667,0.36469999999999997
C0131,60.0,Secondary,394092.95,175667.06,484.0,11.0,298.0,36.65,2018-06-13,1,2018,6,13,Wednesday,1.0,False,False,True,False,True,False,False,False,False,False,True,False,False,True,False,0.44575032362289146,24.833333333333332,0.3665
C0132,27.0,Primary,1822696.64,341922.43,695.0,10.0,98.0,35.17,2020-12-07,0,2020,12,7,Monday,0.0,False,True,False,False,False,False,False,True,False,False,False,True,True,False,False,0.1875915182462837,8.166666666666666,0.3517
C0133,56.0,Secondary,2468849.31,932520.77,545.0,5.0,85.0,33.24,2020-07-31,1,2020,7,31,Friday,1.0,False,False,False,True,True,False,False,False,False,False,False,True,False,True,False,0.3777147378832935,7.083333333333333,0.33240000000000003
C0134,51.0,Primary,1986371.95,1753302.02,432.0,1.0,131.0,54.96,2023-12-26,1,2023,12,26,Tuesday,0.0,False,False,True,False,True,False,False,False,False,False,True,False,False,False,True,0.8826655148850647,10.916666666666666,0.5496
C0135,47.0,Primary,1917275.84,1728313.76,570.0,10.0,275.0,47.24,2022-05-21,1,2022,5,21,Saturday,0.0,False,False,False,True,True,False,False,False,False,True,False,False,False,True,False,0.9014424132106102,22.916666666666668,0.47240000000000004
C0136,40.0,Secondary,1966333.8,1344371.97,556.0,6.0,100.0,20.43,2018-02-19,0,2018,2,19,Monday,1.0,False,False,False,True,False,False,False,True,False,True,False,False,False,True,False,0.6836946860192302,8.333333333333334,0.2043
C0137,52.0,Post-Graduate,995836.7,1764011.93,689.0,8.0,259.0,35.38,2021-01-12,0,2021,1,12,Tuesday,3.0,False,False,False,True,False,False,False,False,True,False,False,True,False,True,False,1.7713867444330984,21.583333333333332,0.3538
C0138,39.0,Graduate,729372.23,1218504.93,820.0,7.0,43.0,50.03,2018-12-22,0,2018,12,22,Saturday,2.0,False,False,False,True,False,False,False,True,False,False,False,True,True,False,False,1.670621501452009,3.5833333333333335,0.5003
C0139,54.0,Post-Graduate,574183.87,203792.46,674.0,5.0,259.0,81.68,2021-01-04,1,2021,1,4,Monday,3.0,False,False,False,True,False,False,True,False,False,False,False,True,True,False,False,0.35492543529653664,21.583333333333332,0.8168000000000001
C0140,24.0,Post-Graduate,1557621.47,200573.74,675.0,2.0,73.0,83.76,2021-01-11,1,2021,1,11,Monday,3.0,False,False,True,False,False,True,False,False,False,True,False,False,False,False,True,0.12876924455849983,6.083333333333333,0.8376
C0141,37.0,Graduate,1865618.62,1904931.22,783.0,0.0,217.0,78.99,2024-02-01,1,2024,2,1,Thursday,2.0,False,False,False,True,False,False,True,False,False,True,False,False,True,False,False,1.0210721524638298,18.083333333333332,0.7898999999999999
C0142,57.0,Graduate,1416261.94,1036163.51,745.0,6.0,175.0,81.53,2018-07-22,0,2018,7,22,Sunday,2.0,False,False,True,False,False,False,False,False,True,True,False,False,True,False,False,0.7316185521443865,14.583333333333334,0.8153
C0143,47.0,Post-Graduate,2276777.51,1290684.42,466.0,6.0,61.0,37.14,2020-02-05,1,2020,2,5,Wednesday,3.0,False,True,False,False,True,False,False,False,False,True,False,False,True,False,False,0.5668908860576368,5.083333333333333,0.3714
C0144,32.0,Post-Graduate,1529322.7,551462.5,589.0,2.0,176.0,28.27,2021-07-12,1,2021,7,12,Monday,3.0,False,True,False,False,False,False,True,False,False,True,False,False,True,False,False,0.3605926335887122,14.666666666666666,0.2827
C0145,33.0,Primary,1187024.62,471944.72,371.0,3.0,201.0,49.64,2019-05-24,1,2019,5,24,Friday,0.0,False,False,False,True,False,False,True,False,False,False,True,False,False,False,True,0.39758629437694387,16.75,0.4964
C0146,52.0,Secondary,394092.95,1180493.29,455.0,4.0,264.0,24.59,2022-10-15,1,2022,10,15,Saturday,1.0,False,False,False,True,False,False,False,False,True,False,False,True,False,False,True,2.9954691907074205,22.0,0.2459
C0147,30.0,Secondary,1265098.04,413843.55,802.0,12.0,134.0,48.57,2020-11-19,0,2020,11,19,Thursday,1.0,False,True,False,False,True,False,False,False,False,False,False,True,True,False,False,0.32712369865026425,11.166666666666666,0.4857
C0148,30.0,Post-Graduate,2379166.69,1753298.42,399.0,12.0,157.0,52.92,2018-09-10,1,2018,9,10,Monday,3.0,False,False,True,False,False,False,False,False,True,True,False,False,False,False,True,0.7369380327025342,13.083333333333334,0.5292
C0149,56.0,Secondary,2588535.87,285345.34,642.0,11.0,41.0,50.04,2020-06-10,0,2020,6,10,Wednesday,1.0,False,False,True,False,True,False,False,False,False,False,False,True,False,False,True,0.11023426150165731,3.4166666666666665,0.5004
C0150,51.6,Post-Graduate,2351762.76,328777.93,688.0,11.0,52.0,28.17,2022-09-16,0,2022,9,16,Friday,3.0,True,False,False,False,False,False,False,False,True,False,True,False,False,False,True,0.13980063618321775,4.333333333333333,0.2817
C0151,27.0,Graduate,915856.95,1288398.66,462.0,2.0,212.0,55.03,2022-08-12,1,2022,8,12,Friday,2.0,False,True,False,False,False,True,False,False,False,False,True,False,False,True,False,1.406768447845485,17.666666666666668,0.5503
C0152,40.0,Primary,1456390.83,1341418.65,797.0,5.0,34.0,35.99,2021-06-13,1,2021,6,13,Sunday,0.0,False,False,True,False,False,False,False,True,False,False,True,False,False,True,False,0.9210567811663576,2.8333333333333335,0.3599
C0153,43.0,Primary,699011.67,1904931.22,568.0,9.0,37.0,14.34,2021-10-16,0,2021,10,16,Saturday,0.0,True,False,False,False,False,False,False,True,False,False,True,False,False,False,True,2.7251779930941638,3.0833333333333335,0.1434
C0154,27.0,Secondary,1363326.69,1058222.27,771.0,7.0,32.0,63.78,2022-10-26,0,2022,10,26,Wednesday,1.0,True,False,False,False,False,False,False,True,False,True,False,False,False,False,True,0.7762059363775824,2.6666666666666665,0.6378
C0155,22.0,Graduate,1039214.54,1904931.22,342.0,8.0,191.0,37.95,2019-03-22,1,2019,3,22,Friday,2.0,False,True,False,False,False,True,False,False,False,False,True,False,True,False,False,1.8330490449065502,15.916666666666666,0.3795
C0156,33.0,Secondary,2178933.0,1904931.22,637.0,3.0,249.0,14.34,2020-12-10,1,2020,12,10,Thursday,1.0,False,False,False,True,False,False,False,True,False,True,False,False,True,False,False,0.8742495615973506,20.75,0.1434
C0157,35.0,Post-Graduate,1027615.7,747481.38,342.0,2.0,20.0,77.77,2019-04-01,1,2019,4,1,Monday,3.0,False,True,False,False,False,False,False,True,False,True,False,False,True,False,False,0.727393888590842,1.6666666666666667,0.7777
C0158,53.0,Graduate,2193257.33,504953.74,531.0,5.0,244.0,18.25,2024-07-23,1,2024,7,23,Tuesday,2.0,False,True,False,False,False,False,False,False,True,False,True,False,False,False,True,0.23023004783483386,20.333333333333332,0.1825
C0159,59.0,Primary,2493251.59,1904931.22,649.0,7.0,247.0,17.98,2023-08-27,0,2023,8,27,Sunday,0.0,False,True,False,False,True,False,False,False,False,False,True,False,False,False,True,0.7640348962937993,20.583333333333332,0.17980000000000002
C0160,44.0,Post-Graduate,2053435.9679999999,1334760.44,706.0,10.0,135.0,90.52,2019-05-05,0,2019,5,5,Sunday,3.0,False,False,False,True,False,True,False,False,False,True,False,False,False,True,False,0.6500131783023292,11.25,0.9052
C0161,38.0,Secondary,2126198.83,1655400.17,619.0,8.0,229.0,84.99,2022-08-14,0,2022,8,14,Sunday,1.0,False,False,False,True,False,False,True,False,False,False,False,True,False,True,False,0.7785726088467464,19.083333333333332,0.8499
C0162,37.0,Secondary,961202.31,839479.55,431.0,2.0,178.0,64.55,2021-07-06,1,2021,7,6,Tuesday,1.0,False,False,False,True,False,False,False,True,False,False,False,True,False,True,False,0.8733640579785956,14.833333333333334,0.6455
C0163,38.0,Secondary,825008.61,878292.5,752.0,0.0,280.0,24.97,2021-02-11,1,2021,2,11,Thursday,1.0,True,False,False,False,False,False,False,True,False,True,False,False,False,False,True,1.06458585929182,23.333333333333332,0.24969999999999998
C0164,57.0,Graduate,506363.94,712172.15,693.0,5.0,291.0,46.83,2022-12-09,1,2022,12,9,Friday,2.0,False,False,False,True,False,False,False,False,True,False,True,False,False,True,False,1.406443258972983,24.25,0.4683
C0165,50.0,Graduate,703456.19,301039.13,417.0,9.0,253.0,59.21,2024-06-28,1,2024,6,28,Friday,2.0,False,True,False,False,False,True,False,False,False,False,False,True,False,True,False,0.42794296827496825,21.083333333333332,0.5921
C0166,63.0,Post-Graduate,1636907.32,1531792.13,457.0,9.0,110.0,75.13,2023-10-07,1,2023,10,7,Saturday,3.0,False,False,False,True,False,True,False,False,False,False,True,False,False,False,True,0.9357842751903631,9.166666666666666,0.7513
C0167,30.0,Post-Graduate,1466478.57,664029.74,620.0,10.0,162.0,40.58,2020-11-29,0,2020,11,29,Sunday,3.0,False,False,True,False,True,False,False,False,False,False,True,False,True,False,False,0.45280562129182694,13.5,0.4058
C0168,21.0,Post-Graduate,394092.95,1189352.76,451.0,9.0,152.0,86.3,2023-09-08,1,2023,9,8,Friday,3.0,False,True,False,False,False,False,False,True,False,False,True,False,True,False,False,3.017949851678392,12.666666666666666,0.863
C0169,40.0,Post-Graduate,670543.22,1904931.22,578.0,4.0,200.0,14.34,2020-04-21,1,2020,4,21,Tuesday,3.0,False,False,True,False,True,False,False,False,False,True,False,False,False,False,True,2.8408776096490844,16.666666666666668,0.1434
C0170,42.0,Primary,2193199.7,1031057.44,399.0,12.0,190.0,41.93,2022-04-11,1,2022,4,11,Monday,0.0,False,True,False,False,False,True,False,False,False,False,True,False,True,False,False,0.4701156214821659,15.833333333333334,0.4193
C0171,23.0,Graduate,1903904.81,1135860.05,771.0,11.0,30.0,23.96,2022-10-06,0,2022,10,6,Thursday,2.0,False,False,False,True,False,False,False,False,True,True,False,False,True,False,False,0.5965949789264937,2.5,0.2396
C0172,57.0,Primary,583765.17,1831644.51,664.0,6.0,35.0,35.95,2019-10-06,0,2019,10,6,Sunday,0.0,False,False,True,False,False,False,False,False,True,False,True,False,True,False,False,3.1376392497003547,2.9166666666666665,0.35950000000000004
C0173,30.0,Secondary,1226580.41,1597763.54,659.0,0.0,177.0,18.21,2019-04-27,1,2019,4,27,Saturday,1.0,False,False,True,False,False,False,False,True,False,False,True,False,False,True,False,1.3026162222825655,14.75,0.1821
C0174,58.0,Secondary,912314.81,175667.06,751.0,1.0,234.0,34.25,2018-11-20,1,2018,11,20,Tuesday,1.0,False,True,False,False,True,False,False,False,False,False,True,False,False,False,True,0.19255092438979476,19.5,0.3425
C0175,53.2,Primary,796353.26,233844.74,725.0,2.0,296.0,31.59,2021-12-02,1,2021,12,2,Thursday,0.0,False,False,False,True,False,False,False,False,True,False,False,True,False,False,True,0.2936444813448745,24.666666666666668,0.3159
C0176,36.0,Primary,1074612.73,1904931.22,398.0,7.0,246.0,36.7,2018-12-21,1,2018,12,21,Friday,0.0,False,False,True,False,False,False,False,False,True,False,True,False,False,True,False,1.7726676474416974,20.5,0.36700000000000005
C0177,64.0,Post-Graduate,2478167.6,988380.33,363.0,6.0,194.0,36.35,2019-12-27,1,2019,12,27,Friday,3.0,False,False,True,False,False,False,True,False,False,False,True,False,False,False,True,0.39883514335350034,16.166666666666668,0.3635
C0178,29.0,Secondary,1488870.12,1623682.8,534.0,11.0,285.0,72.01,2020-01-16,1,2020,1,16,Thursday,1.0,True,False,False,False,False,False,False,False,True,False,True,False,False,True,False,1.0905469712831632,23.75,0.7201000000000001
C0179,49.0,Secondary,2812218.81,1852622.59,407.0,10.0,199.0,28.14,2020-01-14,1,2020,1,14,Tuesday,1.0,True,False,False,False,False,False,False,True,False,False,True,False,False,True,False,0.6587761177801097,16.583333333333332,0.2814
C0180,65.0,Primary,2527110.44,674567.13,421.6,2.0,149.0,25.72,2020-09-19,1,2020,9,19,Saturday,0.0,True,False,False,False,True,False,False,False,False,False,True,False,False,False,True,0.26693219232634724,12.416666666666666,0.2572
C0181,47.0,Primary,1212770.99,1735235.72,650.0,7.0,296.0,32.04,2024-01-15,0,2024,1,15,Monday,0.0,True,False,False,False,False,True,False,False,False,False,True,False,True,False,False,1.4308024633735674,24.666666666666668,0.3204
C0182,51.0,Secondary,2053415.87,1509855.19,686.0,3.0,154.0,74.4,2018-09-13,1,2018,9,13,Thursday,1.0,False,False,True,False,False,False,False,True,False,False,False,True,True,False,False,0.7352895300258879,12.833333333333334,0.7440000000000001
C0183,34.0,Graduate,2612352.65,1243244.05,780.0,9.0,289.0,70.3,2018-03-09,0,2018,3,9,Friday,2.0,False,True,False,False,False,False,False,True,False,True,False,False,False,True,False,0.47590973217187965,24.083333333333332,0.703
C0184,53.0,Graduate,2760846.03,1864167.31,588.0,7.0,64.0,59.63,2018-02-21,0,2018,2,21,Wednesday,2.0,False,True,False,False,False,False,False,False,True,False,False,True,False,True,False,0.6752159626953192,5.333333333333333,0.5963
C0185,36.0,Primary,1522565.63,1745210.12,692.0,3.0,90.0,78.3,2020-08-11,1,2020,8,11,Tuesday,0.0,True,False,False,False,False,False,False,False,True,False,False,True,False,False,True,1.146229814737116,7.5,0.7829999999999999
C0186,35.0,Secondary,394092.95,1123682.01,793.0,3.0,180.0,58.08,2020-06-09,1,2020,6,9,Tuesday,1.0,True,False,False,False,True,False,False,False,False,True,False,False,True,False,False,2.851312133343162,15.0,0.5808
C0187,40.0,Graduate,1956344.41,294643.69,805.0,10.0,79.0,39.53,2021-02-22,0,2021,2,22,Monday,2.0,False,False,False,True,False,True,False,False,False,True,False,False,False,False,True,0.15060931423623922,6.583333333333333,0.3953
C0188,38.0,Secondary,2444960.92,1297589.11,468.0,3.0,156.0,81.47,2020-03-29,1,2020,3,29,Sunday,1.0,False,True,False,False,False,False,False,False,True,False,True,False,False,True,False,0.5307197752674101,13.0,0.8147
C0189,43.0,Secondary,394092.95,867378.79,501.0,8.0,227.0,72.48,2022-10-17,1,2022,10,17,Monday,1.0,True,False,False,False,False,False,False,True,False,False,False,True,False,True,False,2.20094977593484,18.916666666666668,0.7248
C0190,50.0,Graduate,1659563.5,1035080.44,482.0,10.0,102.0,27.18,2023-08-31,1,2023,8,31,Thursday,2.0,False,False,True,False,False,False,True,False,False,False,True,False,False,True,False,0.6237064384701158,8.5,0.2718
C0191,44.0,Primary,1299942.8,311051.43,818.0,3.0,276.0,44.2,2020-11-20,1,2020,11,20,Friday,0.0,False,False,False,True,False,False,False,False,True,False,True,False,False,True,False,0.23928085912703234,23.0,0.442
C0192,41.0,Primary,2026338.03,1259600.9,342.0,8.0,291.0,28.85,2018-04-30,1,2018,4,30,Monday,0.0,False,False,True,False,False,False,False,True,False,False,True,False,False,False,True,0.6216144006338369,24.25,0.28850000000000003
C0193,48.0,Secondary,2001981.0,1260516.06,715.0,3.0,7.0,56.72,2021-02-04,1,2021,2,4,Thursday,1.0,False,True,False,False,False,False,True,False,False,False,False,True,True,False,False,0.6296343771494335,0.5833333333333334,0.5672
C0194,38.0,Graduate,434488.54,1210834.06,629.0,4.0,269.0,66.58,2020-05-26,1,2020,5,26,Tuesday,2.0,False,False,True,False,True,False,False,False,False,False,True,False,False,True,False,2.7868032146486534,22.416666666666668,0.6658
C0195,41.0,Graduate,1009129.84,545239.78,820.0,9.0,233.0,26.32,2019-07-20,0,2019,7,20,Saturday,2.0,True,False,False,False,False,False,False,True,False,False,False,True,False,True,False,0.5403068647737144,19.416666666666668,0.2632
C0196,40.0,Primary,1996276.26,1097123.84,503.0,10.0,196.0,40.11,2021-11-27,1,2021,11,27,Saturday,0.0,False,False,False,True,False,False,False,True,False,False,True,False,True,False,False,0.549585176151922,16.333333333333332,0.4011
C0197,40.0,Primary,2812218.81,839399.17,515.0,2.0,259.0,23.67,2019-07-22,1,2019,7,22,Monday,0.0,False,True,False,False,False,True,False,False,False,True,False,False,False,True,False,0.2984828801426017,21.583333333333332,0.23670000000000002
C0198,55.0,Post-Graduate,2812218.81,362399.45,707.0,11.0,295.0,33.9,2018-06-19,0,2018,6,19,Tuesday,3.0,False,False,True,False,False,True,False,False,False,False,False,True,False,True,False,0.12886602163079908,24.583333333333332,0.33899999999999997
C0199,40.0,Graduate,1573404.66,916156.53,556.0,12.0,163.0,20.86,2022-01-12,0,2022,1,12,Wednesday,2.0,False,False,True,False,False,False,True,False,False,False,True,False,False,False,True,0.5822764818810185,13.583333333333334,0.2086
C0200,35.0,Primary,1606363.352,1473502.25,577.0,4.0,97.0,67.24,2022-12-21,1,2022,12,21,Wednesday,0.0,True,False,False,False,False,True,False,False,False,False,True,False,False,False,True,0.917290753779597,8.083333333333334,0.6724
C0201,28.0,Primary,1903984.07,1596875.04,558.0,8.0,96.0,19.22,2019-05-21,0,2019,5,21,Tuesday,0.0,False,False,True,False,False,False,True,False,False,True,False,False,False,True,False,0.8387018910300021,8.0,0.19219999999999998
C0202,33.0,Primary,631535.7,502501.26,449.0,5.0,121.0,23.03,2022-09-14,1,2022,9,14,Wednesday,0.0,False,False,True,False,True,False,False,False,False,False,False,True,False,False,True,0.7956814792892944,10.083333333333334,0.2303
C0203,27.0,Post-Graduate,993472.56,1732401.28,573.0,6.0,151.0,14.34,2022-12-28,0,2022,12,28,Wednesday,3.0,False,False,True,False,False,True,False,False,False,False,False,True,True,False,False,1.7437837236289646,12.583333333333334,0.1434
C0204,35.0,Primary,2812218.81,809874.99,342.0,3.0,148.0,42.12,2024-05-05,1,2024,5,5,Sunday,0.0,False,False,True,False,False,False,False,False,True,True,False,False,True,False,False,0.28798434429076303,12.333333333333334,0.42119999999999996
C0205,42.0,Primary,902724.3,408196.87,487.0,3.0,106.0,81.48,2024-10-13,1,2024,10,13,Sunday,0.0,False,True,False,False,True,False,False,False,False,False,True,False,True,False,False,0.45218331887155355,8.833333333333334,0.8148000000000001
C0206,26.0,Post-Graduate,439388.88,961133.69,447.0,5.0,173.0,55.59,2021-11-18,1,2021,11,18,Thursday,3.0,True,False,False,False,False,False,False,True,False,False,False,True,False,False,True,2.187432895434222,14.416666666666666,0.5559000000000001
C0207,44.0,Primary,394092.95,1673789.52,683.0,2.0,228.0,53.94,2018-10-21,1,2018,10,21,Sunday,0.0,True,False,False,False,False,False,True,False,False,False,True,False,False,True,False,4.2471947798101946,19.0,0.5394
C0208,45.0,Primary,2488607.43,1381788.85,545.0,10.0,184.0,76.9,2018-01-29,1,2018,1,29,Monday,0.0,False,False,False,True,False,False,False,False,True,True,False,False,False,False,True,0.5552458107062712,15.333333333333334,0.769
C0209,37.0,Post-Graduate,2560352.08,1125312.52,444.0,11.0,192.0,83.02,2019-10-08,1,2019,10,8,Tuesday,3.0,False,True,False,False,True,False,False,False,False,False,True,False,False,False,True,0.43951475611119856,16.0,0.8301999999999999
C0210,23.0,Primary,1271779.96,701700.37,377.0,11.0,129.0,50.56,2024-04-29,1,2024,4,29,Monday,0.0,False,False,True,False,True,False,False,False,False,False,True,False,False,False,True,0.5517466795120753,10.75,0.5056
C0211,38.0,Graduate,394092.95,748222.21,366.0,2.0,158.0,30.37,2020-09-14,1,2020,9,14,Monday,2.0,False,False,False,True,True,False,False,False,False,False,True,False,True,False,False,1.8985932379658148,13.166666666666666,0.3037
C0212,65.0,Secondary,2667850.08,1563633.97,455.0,11.0,208.0,46.13,2019-11-16,1,2019,11,16,Saturday,1.0,False,True,False,False,False,False,False,True,False,True,False,False,False,True,False,0.5861026381212545,17.333333333333332,0.46130000000000004
C0213,42.0,Secondary,2778286.25,502577.51,384.0,5.0,297.0,52.4,2022-07-03,1,2022,7,3,Sunday,1.0,True,False,False,False,False,False,False,False,True,True,False,False,False,False,True,0.1808947908085425,24.75,0.524
C0214,44.0,Primary,1639357.08,1114730.63,683.0,10.0,201.0,22.7,2019-05-12,0,2019,5,12,Sunday,0.0,False,False,False,True,False,True,False,False,False,True,False,False,True,False,False,0.6799803676695012,16.75,0.22699999999999998
C0215,39.0,Graduate,1775891.29,289212.7,403.0,4.0,246.0,14.34,2020-01-24,1,2020,1,24,Friday,2.0,False,False,True,False,True,False,False,False,False,False,True,False,False,False,True,0.16285495718603363,20.5,0.1434
C0216,40.0,Primary,1419138.21,1690714.42,757.0,0.0,131.0,49.49,2023-11-20,1,2023,11,20,Monday,0.0,False,True,False,False,False,False,False,False,True,False,False,True,False,False,True,1.1913669916617917,10.916666666666666,0.4949
C0217,50.0,Graduate,1716125.07,325926.19,500.0,10.0,116.0,49.07,2019-03-25,1,2019,3,25,Monday,2.0,False,True,False,False,True,False,False,False,False,True,False,False,False,True,False,0.18991983492205494,9.666666666666666,0.4907
C0218,61.0,Graduate,1556148.47,1770777.62,430.0,10.0,82.0,39.31,2020-09-14,1,2020,9,14,Monday,2.0,False,True,False,False,True,False,False,False,False,True,False,False,False,False,True,1.1379233113920038,6.833333333333333,0.3931
C0219,23.0,Post-Graduate,1412812.83,175667.06,690.0,10.0,294.0,88.0,2024-08-29,0,2024,8,29,Thursday,3.0,False,False,False,True,False,False,True,False,False,False,True,False,True,False,False,0.12433852260529088,24.5,0.88
C0220,41.0,Graduate,1431198.28,1781703.75,486.0,4.0,116.0,45.34,2019-11-06,1,2019,11,6,Wednesday,2.0,False,False,True,False,False,False,False,True,False,False,False,True,False,True,False,1.2449035014212007,9.666666666666666,0.4534
C0221,65.0,Primary,1433347.7,456911.35,514.0,5.0,52.0,54.9,2018-12-10,1,2018,12,10,Monday,0.0,True,False,False,False,False,False,False,True,False,False,True,False,False,True,False,0.3187721653301568,4.333333333333333,0.5489999999999999
C0222,25.0,Post-Graduate,2144570.8,616585.11,582.0,0.0,96.0,90.52,2022-02-05,1,2022,2,5,Saturday,3.0,True,False,False,False,True,False,False,False,False,False,False,True,False,True,False,0.28750979450060593,8.0,0.9052
C0223,39.0,Post-Graduate,394092.95,1572796.49,371.0,8.0,27.0,58.31,2021-09-29,1,2021,9,29,Wednesday,3.0,False,False,True,False,True,False,False,False,False,False,True,False,True,False,False,3.9909277494053113,2.25,0.5831000000000001
C0224,43.0,Graduate,1889776.75,465555.58,342.0,12.0,119.0,72.43,2023-02-04,1,2023,2,4,Saturday,2.0,False,False,True,False,False,False,False,False,True,True,False,False,False,False,True,0.24635480355020772,9.916666666666666,0.7243
C0225,48.6,Post-Graduate,2342264.26,175667.06,467.0,0.0,154.0,14.34,2022-01-01,1,2022,1,1,Saturday,3.0,False,False,True,False,True,False,False,False,False,False,False,True,False,False,True,0.07499882186649598,12.833333333333334,0.1434
C0226,62.0,Graduate,574909.19,897025.28,776.0,12.0,135.0,60.37,2024-08-04,0,2024,8,4,Sunday,2.0,False,False,True,False,False,True,False,False,False,False,False,True,False,True,False,1.5602903825558956,11.25,0.6037
C0227,64.0,Post-Graduate,746707.71,422464.61,670.0,12.0,42.0,14.34,2018-05-14,0,2018,5,14,Monday,3.0,False,True,False,False,False,False,True,False,False,True,False,False,False,True,False,0.5657697173101374,3.5,0.1434
C0228,51.0,Post-Graduate,2812218.81,1646986.93,699.0,6.0,259.0,80.38,2023-12-02,0,2023,12,2,Saturday,3.0,False,False,True,False,False,False,True,False,False,True,False,False,True,False,False,0.5856539057855175,21.583333333333332,0.8038
C0229,22.0,Secondary,2209027.41,1737376.79,686.0,7.0,188.0,15.41,2018-08-22,0,2018,8,22,Wednesday,1.0,True,False,False,False,True,False,False,False,False,False,False,True,False,False,True,0.7864894668735686,15.666666666666666,0.15410000000000001
C0230,36.0,Graduate,2494747.68,1507614.96,439.0,7.0,267.0,55.89,2019-12-13,1,2019,12,13,Friday,2.0,True,False,False,False,False,False,True,False,False,True,False,False,False,True,False,0.6043156075808035,22.25,0.5589
C0231,22.0,Graduate,2552150.86,1252988.13,400.0,1.0,186.0,85.58,2024-03-23,1,2024,3,23,Saturday,2.0,False,True,False,False,False,False,False,False,True,False,True,False,False,True,False,0.49095378711272575,15.5,0.8558
C0232,49.0,Graduate,1807345.84,821237.95,342.0,7.0,94.0,85.03,2021-03-20,1,2021,3,20,Saturday,2.0,False,False,False,True,False,True,False,False,False,False,False,True,True,False,False,0.4543889342174821,7.833333333333333,0.8503000000000001
C0233,54.0,Post-Graduate,2361631.61,194477.71,394.0,7.0,254.0,44.9,2020-02-11,1,2020,2,11,Tuesday,3.0,False,False,True,False,False,True,False,False,False,False,False,True,True,False,False,0.08234887658875806,21.166666666666668,0.449
C0234,45.0,Graduate,394092.95,1098939.34,766.0,4.0,274.0,48.11,2020-07-24,1,2020,7,24,Friday,2.0,False,False,True,False,False,True,False,False,False,False,True,False,True,False,False,2.7885282900899395,22.833333333333332,0.48109999999999997
C0235,64.0,Primary,1667069.67,927517.95,437.0,10.0,82.0,83.63,2021-04-18,1,2021,4,18,Sunday,0.0,False,True,False,False,False,True,False,False,False,True,False,False,False,False,True,0.5563762371131136,6.833333333333333,0.8362999999999999
C0236,24.0,Secondary,1905416.72,1303193.21,438.0,8.0,262.0,34.45,2022-07-09,1,2022,7,9,Saturday,1.0,True,False,False,False,False,False,True,False,False,False,True,False,False,True,False,0.6839413112738929,21.833333333333332,0.34450000000000003
C0237,40.0,Primary,1194848.73,928735.68,540.0,1.0,42.0,18.26,2022-02-09,1,2022,2,9,Wednesday,0.0,False,False,False,True,False,False,False,True,False,False,True,False,False,False,True,0.7772830624341879,3.5,0.1826
C0238,58.0,Graduate,2812218.81,567220.58,648.0,10.0,87.0,35.19,2022-05-03,0,2022,5,3,Tuesday,2.0,False,False,True,False,False,False,True,False,False,True,False,False,True,False,False,0.20169859400094117,7.25,0.3519
C0239,56.0,Graduate,1448470.1,1403595.67,592.0,5.0,61.0,74.84,2019-11-08,1,2019,11,8,Friday,2.0,False,False,False,True,False,False,True,False,False,True,False,False,False,False,True,0.9690194295346517,5.083333333333333,0.7484000000000001
C0240,60.0,Graduate,1461492.8799999997,220980.7,376.0,12.0,241.0,46.18,2019-12-20,1,2019,12,20,Friday,2.0,False,False,True,False,False,False,True,False,False,False,True,False,True,False,False,0.15120203664625453,20.083333333333332,0.4618
C0241,61.0,Graduate,439482.31,891008.34,491.0,8.0,31.0,87.64,2018-10-17,1,2018,10,17,Wednesday,2.0,False,False,True,False,False,False,False,True,False,False,False,True,True,False,False,2.0274043339764916,2.5833333333333335,0.8764
C0242,37.0,Primary,2322317.45,815477.15,501.0,9.0,136.0,60.46,2021-10-03,1,2021,10,3,Sunday,0.0,False,False,True,False,True,False,False,False,False,False,False,True,False,False,True,0.35114800950231845,11.333333333333334,0.6046
C0243,64.0,Primary,1932678.5,798762.88,470.0,10.0,238.0,26.18,2024-10-01,1,2024,10,1,Tuesday,0.0,True,False,False,False,False,False,True,False,False,True,False,False,True,False,False,0.41329319904991957,19.833333333333332,0.2618
C0244,22.0,Secondary,2498876.51,1383480.82,685.0,2.0,134.0,14.34,2023-10-22,1,2023,10,22,Sunday,1.0,False,False,True,False,False,False,False,False,True,True,False,False,True,False,False,0.5536411321102058,11.166666666666666,0.1434
C0245,47.0,Secondary,2812218.81,1894001.64,670.0,8.0,273.0,88.51,2024-10-30,0,2024,10,30,Wednesday,1.0,False,True,False,False,True,False,False,False,False,True,False,False,False,False,True,0.6734901399795415,22.75,0.8851
C0246,28.0,Post-Graduate,2122871.67,1886718.87,699.0,2.0,293.0,81.04,2022-11-29,1,2022,11,29,Tuesday,3.0,False,False,True,False,False,True,False,False,False,False,True,False,False,True,False,0.8887578541193685,24.416666666666668,0.8104
C0247,64.0,Primary,511217.08,469545.19,441.0,2.0,260.0,51.18,2024-04-25,1,2024,4,25,Thursday,0.0,False,True,False,False,False,False,False,False,True,False,False,True,False,False,True,0.918484941856794,21.666666666666668,0.5118
C0248,50.0,Post-Graduate,944770.06,550393.21,788.0,11.0,148.0,83.84,2021-02-13,0,2021,2,13,Saturday,3.0,False,True,False,False,False,True,False,False,False,True,False,False,True,False,False,0.582568429401753,12.333333333333334,0.8384
C0249,61.0,Secondary,1754596.94,979443.1,470.0,12.0,299.0,72.62,2023-01-09,1,2023,1,9,Monday,1.0,False,False,True,False,False,False,False,True,False,False,False,True,False,True,False,0.5582154383558882,24.916666666666668,0.7262000000000001
C0250,56.2,Secondary,513949.77,196493.28,777.0,11.0,49.0,76.85,2021-10-26,0,2021,10,26,Tuesday,1.0,True,False,False,False,False,True,False,False,False,False,False,True,False,False,True,0.3823200076536662,4.083333333333333,0.7685
C0251,51.0,Primary,1509500.88,1092139.57,796.0,6.0,144.0,19.08,2023-11-30,0,2023,11,30,Thursday,0.0,False,False,False,True,False,False,False,False,True,False,True,False,False,False,True,0.7235103897388918,12.0,0.19079999999999997
C0252,43.0,Graduate,2666211.84,666708.98,435.0,1.0,198.0,58.08,2020-02-09,1,2020,2,9,Sunday,2.0,False,True,False,False,False,False,False,True,False,False,True,False,True,False,False,0.25005851748074154,16.5,0.5808
C0253,60.0,Post-Graduate,1608020.65,759280.67,679.0,10.0,245.0,39.85,2020-01-01,0,2020,1,1,Wednesday,3.0,False,False,True,False,False,False,False,False,True,False,False,True,False,False,True,0.47218340759492117,20.416666666666668,0.3985
C0254,37.0,Graduate,394092.95,290468.61,535.0,10.0,24.0,62.68,2019-08-25,1,2019,8,25,Sunday,2.0,True,False,False,False,False,False,True,False,False,False,False,True,False,False,True,0.73705609298517,2.0,0.6268
C0255,58.0,Post-Graduate,2068652.31,1345322.22,342.0,6.0,39.0,45.05,2020-03-22,1,2020,3,22,Sunday,3.0,False,False,False,True,False,False,True,False,False,False,False,True,True,False,False,0.6503375233704691,3.25,0.45049999999999996
C0256,63.0,Primary,1376480.72,884852.62,804.0,7.0,68.0,22.52,2018-04-25,0,2018,4,25,Wednesday,0.0,False,False,False,True,False,False,False,True,False,False,True,False,False,False,True,0.6428369152893039,5.666666666666667,0.22519999999999998
C0257,28.0,Graduate,2259907.15,1390939.61,669.0,5.0,243.0,21.34,2024-02-03,1,2024,2,3,Saturday,2.0,False,False,True,False,False,False,False,False,True,False,False,True,True,False,False,0.6154852910660512,20.25,0.2134
C0258,54.0,Secondary,1553539.38,1726040.16,459.0,7.0,278.0,90.52,2023-07-27,1,2023,7,27,Thursday,1.0,True,False,False,False,False,False,True,False,False,False,False,True,True,False,False,1.111037275411712,23.166666666666668,0.9052
C0259,28.0,Secondary,1421217.78,175667.06,637.0,6.0,10.0,62.67,2023-07-10,0,2023,7,10,Monday,1.0,False,False,True,False,False,False,False,False,True,False,True,False,False,True,False,0.12360319612663444,0.8333333333333334,0.6267
C0260,42.0,Primary,872221.3,1785590.38,468.0,11.0,10.0,18.57,2021-08-09,1,2021,8,9,Monday,0.0,False,True,False,False,False,True,False,False,False,False,True,False,True,False,False,2.047175848606311,0.8333333333333334,0.1857
C0261,45.0,Secondary,1516711.1,654903.07,516.0,3.0,116.0,76.93,2022-06-05,1,2022,6,5,Sunday,1.0,False,True,False,False,False,False,True,False,False,True,False,False,True,False,False,0.4317915719084537,9.666666666666666,0.7693000000000001
C0262,35.0,Primary,1073040.99,175667.06,497.0,9.0,92.0,42.31,2023-09-01,1,2023,9,1,Friday,0.0,False,True,False,False,True,False,False,False,False,False,False,True,True,False,False,0.16370955223248274,7.666666666666667,0.42310000000000003
C0263,51.0,Post-Graduate,2280101.49,886231.92,622.0,11.0,208.0,80.09,2018-04-29,0,2018,4,29,Sunday,3.0,True,False,False,False,False,False,False,False,True,True,False,False,False,True,False,0.38868090911163783,17.333333333333332,0.8009000000000001
C0264,27.0,Secondary,1414296.61,1366598.44,352.0,0.0,166.0,32.67,2018-10-20,1,2018,10,20,Saturday,1.0,True,False,False,False,False,True,False,False,False,False,True,False,False,False,True,0.9662742810364227,13.833333333333334,0.3267
C0265,36.0,Secondary,1928911.31,1180655.81,668.0,1.0,101.0,86.86,2023-06-18,1,2023,6,18,Sunday,1.0,True,False,False,False,True,False,False,False,False,True,False,False,True,False,False,0.6120840309656331,8.416666666666666,0.8686
C0266,51.0,Secondary,2730362.03,175667.06,342.0,11.0,5.0,90.52,2024-08-06,1,2024,8,6,Tuesday,1.0,True,False,False,False,False,False,True,False,False,False,False,True,False,True,False,0.06433837640204805,0.4166666666666667,0.9052
C0267,55.0,Post-Graduate,1348047.85,1581859.53,820.0,4.0,66.0,30.37,2019-01-02,1,2019,1,2,Wednesday,3.0,False,True,False,False,False,False,True,False,False,True,False,False,True,False,False,1.1734446444167392,5.5,0.3037
C0268,35.0,Secondary,2047816.17,514525.77,555.0,7.0,110.0,35.38,2023-03-31,0,2023,3,31,Friday,1.0,False,False,True,False,False,False,True,False,False,False,False,True,False,True,False,0.251255839043404,9.166666666666666,0.3538
C0269,64.0,Secondary,2527427.85,1385887.14,433.0,3.0,162.0,85.22,2024-09-18,1,2024,9,18,Wednesday,1.0,False,False,True,False,False,False,False,True,False,True,False,False,False,False,True,0.5483389525837502,13.5,0.8522
C0270,56.0,Secondary,1049519.63,498705.35,628.8,8.0,60.0,87.21,2019-04-30,0,2019,4,30,Tuesday,1.0,False,False,False,True,True,False,False,False,False,False,True,False,False,True,False,0.4751748664291301,5.0,0.8721
C0271,51.0,Post-Graduate,600379.4,1552791.3,366.0,5.0,28.0,66.23,2018-09-28,1,2018,9,28,Friday,3.0,False,False,False,True,True,False,False,False,False,False,True,False,False,True,False,2.5863500646424575,2.3333333333333335,0.6623
C0272,65.0,Post-Graduate,742653.73,764397.36,434.0,4.0,219.0,68.22,2022-04-18,1,2022,4,18,Monday,3.0,False,True,False,False,False,False,False,True,False,False,True,False,False,False,True,1.0292782882811347,18.25,0.6822
C0273,51.0,Post-Graduate,1098440.71,1154835.24,511.0,1.0,134.0,50.3,2022-03-12,1,2022,3,12,Saturday,3.0,False,False,False,True,True,False,False,False,False,False,False,True,True,False,False,1.0513405316159485,11.166666666666666,0.503
C0274,44.0,Graduate,666954.53,1639282.32,601.0,12.0,160.0,63.73,2021-06-27,0,2021,6,27,Sunday,2.0,True,False,False,False,False,True,False,False,False,True,False,False,True,False,False,2.457862187396793,13.333333333333334,0.6373
C0275,37.8,Graduate,1850734.76,243310.43,413.0,11.0,253.0,79.32,2023-08-01,1,2023,8,1,Tuesday,2.0,False,False,True,False,False,True,False,False,False,True,False,False,False,False,True,0.13146693694778824,21.083333333333332,0.7931999999999999
C0276,62.0,Secondary,1829101.03,581605.53,406.0,12.0,148.0,73.88,2020-12-10,1,2020,12,10,Thursday,1.0,False,False,False,True,True,False,False,False,False,False,False,True,True,False,False,0.3179734309154044,12.333333333333334,0.7387999999999999
C0277,22.0,Graduate,1206663.52,307156.37,343.0,12.0,258.0,76.31,2022-06-04,1,2022,6,4,Saturday,2.0,True,False,False,False,False,True,False,False,False,False,False,True,True,False,False,0.25455014169981705,21.5,0.7631
C0278,26.0,Post-Graduate,2591443.79,1334096.88,816.0,5.0,229.0,51.76,2019-04-08,1,2019,4,8,Monday,3.0,False,True,False,False,False,True,False,False,False,False,True,False,True,False,False,0.5148083416464919,19.083333333333332,0.5176
C0279,37.0,Primary,2629973.9,1800035.95,599.0,4.0,120.0,77.74,2023-11-26,1,2023,11,26,Sunday,0.0,True,False,False,False,False,False,False,False,True,True,False,False,False,False,True,0.6844311078524391,10.0,0.7774
C0280,50.0,Graduate,2169775.8,1252667.9,355.0,7.0,140.0,89.59,2018-07-22,1,2018,7,22,Sunday,2.0,False,False,False,True,False,False,True,False,False,False,True,False,False,False,True,0.5773259615117838,11.666666666666666,0.8959
C0281,36.0,Graduate,746149.91,856525.21,788.0,10.0,264.0,23.06,2023-01-13,0,2023,1,13,Friday,2.0,False,False,True,False,False,False,False,True,False,True,False,False,False,False,True,1.1479264401439115,22.0,0.2306
C0282,42.0,Graduate,2080827.66,210964.88,543.0,11.0,261.0,90.52,2022-06-25,1,2022,6,25,Saturday,2.0,True,False,False,False,False,True,False,False,False,True,False,False,False,True,False,0.10138508058855773,21.75,0.9052
C0283,58.0,Graduate,1409808.71,1904931.22,518.0,10.0,153.0,14.79,2018-01-09,1,2018,1,9,Tuesday,2.0,False,True,False,False,False,True,False,False,False,False,True,False,False,True,False,1.3511983622231984,12.75,0.1479
C0284,63.0,Secondary,2116656.74,1377523.5,419.0,4.0,191.0,33.3,2020-02-11,1,2020,2,11,Tuesday,1.0,False,False,False,True,False,False,False,True,False,False,True,False,True,False,False,0.650801556042573,15.916666666666666,0.33299999999999996
C0285,47.0,Primary,1658680.53,1771616.79,741.0,5.0,217.0,75.46,2021-06-11,1,2021,6,11,Friday,0.0,False,False,True,False,False,True,False,False,False,True,False,False,True,False,False,1.0680880121020049,18.083333333333332,0.7545999999999999
C0286,24.0,Graduate,920907.91,1524356.61,660.0,9.0,166.0,53.69,2020-09-29,0,2020,9,29,Tuesday,2.0,False,False,True,False,False,False,True,False,False,True,False,False,True,False,False,1.6552758353438402,13.833333333333334,0.5368999999999999
C0287,59.0,Primary,2789400.2,1223762.07,772.0,5.0,30.0,87.75,2020-08-03,1,2020,8,3,Monday,0.0,False,False,False,True,False,True,False,False,False,False,False,True,False,False,True,0.4387187145107396,2.5,0.8775
C0288,33.0,Primary,2581237.98,1273564.21,596.0,5.0,89.0,36.11,2019-10-31,1,2019,10,31,Thursday,0.0,True,False,False,False,False,False,False,False,True,False,True,False,False,True,False,0.4933927905399873,7.416666666666667,0.3611
C0289,36.0,Secondary,1853961.02,1551176.02,402.0,12.0,57.0,73.08,2020-05-24,1,2020,5,24,Sunday,1.0,False,False,True,False,False,False,False,False,True,False,False,True,False,False,True,0.836682111040285,4.75,0.7308
C0290,31.0,Primary,1813724.27,703226.04,342.0,4.0,146.0,21.18,2018-04-07,1,2018,4,7,Saturday,0.0,False,False,True,False,False,False,False,True,False,False,False,True,False,False,True,0.38772488830399787,12.166666666666666,0.2118
C0291,28.0,Post-Graduate,1701556.83,834678.86,583.0,6.0,42.0,85.47,2023-02-23,0,2023,2,23,Thursday,3.0,False,False,True,False,True,False,False,False,False,True,False,False,False,False,True,0.4905383383521783,3.5,0.8547
C0292,46.0,Graduate,838157.83,324101.95,723.0,8.0,97.0,64.46,2020-06-06,0,2020,6,6,Saturday,2.0,False,False,True,False,False,False,True,False,False,False,True,False,True,False,False,0.3866836750782368,8.083333333333334,0.6446
C0293,24.0,Post-Graduate,715186.79,1003192.81,342.0,4.0,238.0,51.02,2022-10-26,1,2022,10,26,Wednesday,3.0,False,False,False,True,False,True,False,False,False,False,False,True,False,False,True,1.4027004190052224,19.833333333333332,0.5102
C0294,23.0,Secondary,1298882.79,866153.43,820.0,7.0,114.0,57.73,2019-11-24,0,2019,11,24,Sunday,1.0,False,False,True,False,False,True,False,False,False,True,False,False,False,True,False,0.6668449506517828,9.5,0.5772999999999999
C0295,64.0,Post-Graduate,791072.84,1882911.32,460.0,7.0,208.0,17.91,2018-12-23,1,2018,12,23,Sunday,3.0,False,False,True,False,False,True,False,False,False,False,True,False,False,False,True,2.380199679210324,17.333333333333332,0.1791
C0296,38.0,Primary,593512.96,920435.95,727.0,6.0,288.0,43.4,2021-04-06,0,2021,4,6,Tuesday,0.0,False,False,True,False,False,False,True,False,False,False,True,False,False,True,False,1.550827045124676,24.0,0.434
C0297,34.0,Secondary,676534.4,1708017.6,485.0,10.0,191.0,87.01,2023-08-19,1,2023,8,19,Saturday,1.0,False,False,True,False,False,False,False,False,True,False,True,False,True,False,False,2.5246574305755924,15.916666666666666,0.8701000000000001
C0298,54.0,Secondary,433014.25,175667.06,637.0,12.0,248.0,61.76,2022-05-26,0,2022,5,26,Thursday,1.0,False,False,False,True,True,False,False,False,False,False,False,True,True,False,False,0.40568424711195994,20.666666666666668,0.6175999999999999
C0299,34.0,Primary,2791816.54,1786389.63,452.0,12.0,83.0,42.94,2019-08-24,1,2019,8,24,Saturday,0.0,False,False,True,False,False,True,False,False,False,False,False,True,False,False,True,0.6398664111360268,6.916666666666667,0.4294
C0300,35.2,Graduate,793776.36,1591409.95,814.0,3.0,78.0,80.73,2022-04-20,1,2022,4,20,Wednesday,2.0,False,False,True,False,False,False,False,False,True,False,True,False,True,False,False,2.004859340986169,6.5,0.8073
